<?xml version="1.0" encoding="UTF-8"?>
<!DOCTYPE suite SYSTEM "https://testng.org/testng-1.0.dtd">
<suite name="Suite">
  <test thread-count="5" name="Test">
    <classes>
      
      <class name="identifyCourses.WebDevCourses"/>
      
    </classes>
  </test> <!-- Test -->
  <test thread-count="5" name="Test2">
    <classes>
      
      
      <class name="identifyCourses.langlearning"/>
    </classes>
  </test> 
  <test thread-count="5" name="Test3">
    <classes>
      

      <class name="identifyCourses.FillForm"/>
    </classes>
  </test> 
</suite> <!-- Suite -->
